{
    "parent": "block/block",
    "textures": {
        "particle": "block/dirt",
        "bottom": "block/dirt",
        "top": "block/grass_block_top",
        "side": "block/grass_block_top",
        "overlay": "block/grass_block_side_overlay",
        "flowers": "block/grass_block_blumen_9"
    },
    "elements": [
        {
            "from": [0, 0, 0],
            "to": [16, 16, 16],
            "faces": {
                "down": { "uv": [0, 0, 16, 16], "texture": "#bottom", "cullface": "down" },
                "up": { 
                    "uv": [0, 0, 16, 16], 
                    "texture": "#top", 
                    "cullface": "up", 
                    "tintindex": 0
                },
                "north": { 
                    "uv": [0, 0, 16, 16], 
                    "texture": "#side", 
                    "cullface": "north", 
                    "tintindex": 0                
                },
                "south": { 
                    "uv": [0, 0, 16, 16], 
                    "texture": "#side", 
                    "cullface": "south", 
                    "tintindex": 0
                },
                "west": { 
                    "uv": [0, 0, 16, 16], 
                    "texture": "#side", 
                    "cullface": "west", 
                    "tintindex": 0
                },
                "east": { 
                    "uv": [0, 0, 16, 16], 
                    "texture": "#side", 
                    "cullface": "east", 
                    "tintindex": 0
                }
            }
        },
        {
            "from": [0, 0, 0],
            "to": [16, 16, 16],
            "faces": {
                "up": {
                    "uv": [0, 0, 16, 16],
                    "texture": "#flowers"
                }
            }
        }
    ]
}