{
    "parent": "block/block",
    "textures": {
        "particle": "block/chain",
        "all": "block/chain"
    },
    "elements": [
        {
            "from": [
                6.5,
                0,
                8
            ],
            "to": [
                9.5,
                16,
                8
            ],
            "rotation": {
                "origin": [
                    8,
                    8,
                    8
                ],
                "axis": "y",
                "angle": 45
            },
            "shade": false,
            "faces": {
                "north": {
                    "uv": [
                        3,
                        0,
                        0,
                        16
                    ],
                    "texture": "#all"
                },
                "south": {
                    "uv": [
                        0,
                        0,
                        3,
                        16
                    ],
                    "texture": "#all"
                }
            },
            "light_emission": 15
        },
        {
            "from": [
                8,
                0,
                6.5
            ],
            "to": [
                8,
                16,
                9.5
            ],
            "rotation": {
                "origin": [
                    8,
                    8,
                    8
                ],
                "axis": "y",
                "angle": 45
            },
            "shade": false,
            "faces": {
                "west": {
                    "uv": [
                        6,
                        0,
                        3,
                        16
                    ],
                    "texture": "#all"
                },
                "east": {
                    "uv": [
                        3,
                        0,
                        6,
                        16
                    ],
                    "texture": "#all"
                }
            },
            "light_emission": 15
        }
    ]
}