{
    "textures": {
        "particle": "block/composter_compost",
        "inside": "block/composter_compost"
    },
    "elements": [
        {
            "from": [
                2,
                0,
                2
            ],
            "to": [
                14,
                13,
                14
            ],
            "faces": {
                "up": {
                    "texture": "#inside"
                }
            },
            "light_emission": 15
        }
    ]
}