{
    "ambientocclusion": false,
    "textures": {
        "particle": "block/pitcher_crop_top",
        "stage_1": "block/pitcher_crop_bottom_stage_1",
        "pitcher_top": "block/pitcher_crop_top",
        "pitcher_side": "block/pitcher_crop_side",
        "pitcher_bottom": "block/pitcher_crop_bottom"
    },
    "elements": [
        {
            "name": "pitcher_crop_bottom_stage_1",
            "from": [
                0,
                5,
                8
            ],
            "to": [
                16,
                21,
                8
            ],
            "shade": false,
            "rotation": {
                "angle": 45,
                "axis": "y",
                "origin": [
                    8,
                    5,
                    8
                ]
            },
            "faces": {
                "north": {
                    "uv": [
                        0,
                        0,
                        16,
                        16
                    ],
                    "texture": "#stage_1"
                },
                "south": {
                    "uv": [
                        0,
                        0,
                        16,
                        16
                    ],
                    "texture": "#stage_1"
                }
            },
            "light_emission": 15
        },
        {
            "name": "pitcher_crop_bottom_stage_1",
            "from": [
                0,
                5,
                8
            ],
            "to": [
                16,
                21,
                8
            ],
            "shade": false,
            "rotation": {
                "angle": -45,
                "axis": "y",
                "origin": [
                    8,
                    5,
                    8
                ]
            },
            "faces": {
                "north": {
                    "uv": [
                        0,
                        0,
                        16,
                        16
                    ],
                    "texture": "#stage_1"
                },
                "south": {
                    "uv": [
                        0,
                        0,
                        16,
                        16
                    ],
                    "texture": "#stage_1"
                }
            },
            "light_emission": 15
        },
        {
            "name": "pitcher_crop_bottom_stage_1",
            "from": [
                3,
                -1,
                3
            ],
            "to": [
                13,
                5,
                13
            ],
            "faces": {
                "north": {
                    "uv": [
                        3,
                        10,
                        13,
                        16
                    ],
                    "texture": "#pitcher_side"
                },
                "east": {
                    "uv": [
                        3,
                        10,
                        13,
                        16
                    ],
                    "texture": "#pitcher_side"
                },
                "south": {
                    "uv": [
                        3,
                        10,
                        13,
                        16
                    ],
                    "texture": "#pitcher_side"
                },
                "west": {
                    "uv": [
                        3,
                        10,
                        13,
                        16
                    ],
                    "texture": "#pitcher_side"
                },
                "up": {
                    "uv": [
                        3,
                        3,
                        13,
                        13
                    ],
                    "texture": "#pitcher_top"
                },
                "down": {
                    "uv": [
                        3,
                        3,
                        13,
                        13
                    ],
                    "texture": "#pitcher_bottom"
                }
            },
            "light_emission": 15
        }
    ]
}