{
    "ambientocclusion": false,
    "textures": {
        "particle": "block/resin_clump",
        "texture": "block/resin_clump"
    },
    "elements": [
        {
            "from": [
                0,
                0,
                0.1
            ],
            "to": [
                16,
                16,
                0.1
            ],
            "faces": {
                "north": {
                    "uv": [
                        16,
                        0,
                        0,
                        16
                    ],
                    "texture": "#texture"
                },
                "south": {
                    "uv": [
                        0,
                        0,
                        16,
                        16
                    ],
                    "texture": "#texture"
                }
            },
            "light_emission": 15
        }
    ]
}