{
    "parent": "block/block",
    "textures": {
        "particle": "#texture"
    },
    "elements": [
        {
            "from": [
                0,
                0,
                4
            ],
            "to": [
                16,
                16,
                4
            ],
            "shade": false,
            "faces": {
                "north": {
                    "uv": [
                        0,
                        0,
                        16,
                        16
                    ],
                    "texture": "#texture"
                },
                "south": {
                    "uv": [
                        0,
                        0,
                        16,
                        16
                    ],
                    "texture": "#texture"
                }
            },
            "light_emission": 15
        },
        {
            "from": [
                12,
                0,
                0
            ],
            "to": [
                12,
                16,
                16
            ],
            "shade": false,
            "faces": {
                "west": {
                    "uv": [
                        0,
                        0,
                        16,
                        16
                    ],
                    "texture": "#texture"
                },
                "east": {
                    "uv": [
                        0,
                        0,
                        16,
                        16
                    ],
                    "texture": "#texture"
                }
            },
            "light_emission": 15
        },
        {
            "from": [
                4,
                0,
                0
            ],
            "to": [
                4,
                16,
                16
            ],
            "shade": false,
            "faces": {
                "west": {
                    "uv": [
                        0,
                        0,
                        16,
                        16
                    ],
                    "texture": "#texture"
                },
                "east": {
                    "uv": [
                        0,
                        0,
                        16,
                        16
                    ],
                    "texture": "#texture"
                }
            },
            "light_emission": 15
        },
        {
            "from": [
                0,
                0,
                12
            ],
            "to": [
                16,
                16,
                12
            ],
            "shade": false,
            "faces": {
                "north": {
                    "uv": [
                        0,
                        0,
                        16,
                        16
                    ],
                    "texture": "#texture"
                },
                "south": {
                    "uv": [
                        0,
                        0,
                        16,
                        16
                    ],
                    "texture": "#texture"
                }
            },
            "light_emission": 15
        }
    ]
}