{
    "textures": {
        "particle": "#texture"
    },
    "elements": [
        {
            "from": [
                5,
                8,
                0
            ],
            "to": [
                10,
                16,
                0
            ],
            "faces": {
                "north": {
                    "uv": [
                        6,
                        0,
                        11,
                        8
                    ],
                    "texture": "#texture",
                    "cullface": "north"
                }
            },
            "light_emission": 15
        }
    ]
}