{
    "ambientocclusion": false,
    "textures": {
        "particle": "#texture"
    },
    "elements": [
        {
            "from": [
                0,
                0.25,
                0
            ],
            "to": [
                8,
                0.25,
                16
            ],
            "faces": {
                "up": {
                    "uv": [
                        0,
                        0,
                        8,
                        16
                    ],
                    "texture": "#texture",
                    "tintindex": 0
                },
                "down": {
                    "uv": [
                        0,
                        16,
                        8,
                        0
                    ],
                    "texture": "#texture",
                    "tintindex": 0
                }
            },
            "light_emission": 15
        }
    ]
}