{
    "ambientocclusion": false,
    "textures": {
        "particle": "block/tripwire",
        "texture": "block/tripwire"
    },
    "elements": [
        {
            "from": [
                7.75,
                1.5,
                0
            ],
            "to": [
                8.25,
                1.5,
                4
            ],
            "shade": false,
            "faces": {
                "down": {
                    "uv": [
                        16,
                        2,
                        0,
                        4
                    ],
                    "texture": "#texture",
                    "rotation": 90
                },
                "up": {
                    "uv": [
                        0,
                        2,
                        16,
                        4
                    ],
                    "texture": "#texture",
                    "rotation": 90
                }
            },
            "light_emission": 15
        },
        {
            "from": [
                7.75,
                1.5,
                4
            ],
            "to": [
                8.25,
                1.5,
                8
            ],
            "shade": false,
            "faces": {
                "down": {
                    "uv": [
                        16,
                        2,
                        0,
                        4
                    ],
                    "texture": "#texture",
                    "rotation": 90
                },
                "up": {
                    "uv": [
                        0,
                        2,
                        16,
                        4
                    ],
                    "texture": "#texture",
                    "rotation": 90
                }
            },
            "light_emission": 15
        },
        {
            "from": [
                8,
                1.5,
                7.75
            ],
            "to": [
                12,
                1.5,
                8.25
            ],
            "shade": false,
            "faces": {
                "down": {
                    "uv": [
                        0,
                        4,
                        16,
                        2
                    ],
                    "texture": "#texture"
                },
                "up": {
                    "uv": [
                        0,
                        2,
                        16,
                        4
                    ],
                    "texture": "#texture"
                }
            },
            "light_emission": 15
        },
        {
            "from": [
                12,
                1.5,
                7.75
            ],
            "to": [
                16,
                1.5,
                8.25
            ],
            "shade": false,
            "faces": {
                "down": {
                    "uv": [
                        0,
                        4,
                        16,
                        2
                    ],
                    "texture": "#texture"
                },
                "up": {
                    "uv": [
                        0,
                        2,
                        16,
                        4
                    ],
                    "texture": "#texture"
                }
            },
            "light_emission": 15
        }
    ]
}